Title,DOI,Abstract,Year,source,Domain,Research_Keywords,Research_Approach,Context,Contribution,Document_Score
A Comparative Analysis of Monolith vs Microservices Energy Consumption,10.1007/978-3-032-02138-0_17,"As energy demands rise and sustainability becomes critical, Information and Communication Technology’s energy footprint is increasingly monitored. In this context, software architecture may play a significant role in determining a system’s energy consumption. This study aims to evaluate and compare the energy consumption of monolithic and microservice-based software to understand their implications for sustainable software design. We applied a cohort study approach in a controlled experimental environment using two open-source Java applications—PetClinic and TicketMonster—each implemented in both monolithic and microservice versions. Three use cases, representing different workloads, were defined and executed 30 times each per version, resulting in 360 total runs. Server energy use was measured with Powerstat and analyzed using Welch’s t-test. Our findings show that microservices may consume less energy than their monolithic counterparts under medium and heavy loads. Specifically, PetClinic and TicketMonster showed energy reductions of 4.99% and 5.05%, respectively. Across all use cases and applications, microservices demonstrated an average energy saving of 5.02% compared to monoliths. These results suggest that microservice architectures may offer improved energy efficiency in high-demand scenarios due to better resource utilization and modular execution. While the study is limited to controlled conditions and two case studies, it provides a foundation for further research on architectural decisions and sustainable software engineering practices. ",2026,initial,Software Architecture,Architecture; Energy Efficiency,Evaluation Research,"Two Open Source Java-Applications, each implemented in both architectures for controlled comparative experiment regarding energy consumption",Empirical evidence,13
An empirical investigation into code smell elimination sequences for energy efficient software,10.1109/APSEC.2016.057,"Recent research has shown that maintainability improving activities, such as removing code smells using recommended refactoring activities, may degrade the energy consumption behavior of software systems. However, current research is still immature and requires considerable effort for transferring findings to practice. This work empirically investigates the impact of eliminating a set of three notorious code smells, individually as well as in all six possible sequences, on energy consumption behavior of software systems. It also analyzes whether any relationship exists between software architecture sustainability (in terms of energy efficiency) and maintainability within the context of individual and sequential code smell elimination. The study outcomes show that the selected code smell removal permutations yield variant levels of energy consumption values for the resulted refactored software versions. Also, a particular permutation is learned to yield most energy-efficient refactored software versions, when compared to all other code smell removal permutations. ",2016,initial,Code Smells,Architecture; Code Quality; Energy Efficiency; Maintenance; Refactoring,Evaluation Research,Software system evaluated through empirical refactoring experiments (code smell elimination sequences) and their impact on energy consumption and sustainability,Empirical evidence,14
Architectural Tactics to Optimize Software for Energy Efficiency in the Public Cloud,10.1109/ICT4S55073.2022.00019,"A promise of cloud computing is the reduction of energy footprint enabled by economies of scale. Unfortunately, little research is available on how cloud consumers can reduce their energy footprint when running software in the public cloud. Moreover, cloud consumers do not have full access to information regarding their cloud infrastructure usage, which is required to understand the impact of design decisions on energy usage. The purpose of our study is to support cloud consumers in developing energy-efficient workloads in the public cloud. To achieve our goal, we collaborated with a large cloud solution provider to discover an initial set of reusable architectural tactics for software energy efficiency. Starting from interviews with 17 practitioners, we reviewed and selected available tactics to improve the energy efficiency of individual workloads in the public cloud, and synthetized the identified tactics in a reusable model. In addition, we conducted a case study to assess the impact of utilizing a tactic, which was selected following a prioritization provided by the practitioners. Our results demonstrate the possibility to architect cloud workloads for energy efficiency through reasoning and estimation of resource optimization. However, the process is not (yet) straightforward due to the current lack of transparency of cloud providers. ",2022,initial,Software Architecture,Architecture; Cloud Computing; Empirical Research; Energy Efficiency; Resource Optimization,Evaluation Research,Public cloud workloads studied in collaboration with a cloud provider using pracitioner interviews and a case study. Identification and synthesis of reusable architectural tactics to improve the energy efficiency of software workloads in the public cloud,Empirical evidence,14
Awakening awareness on energy consumption in software engineering,10.1109/ICSE-SEIS.2017.10,"Software producing organizations have the ability to address the energy impact of their ICT solutions during the development process. However, while industry is convinced of the energy impact of hardware, the role of software has mostly been acknowledged by researchers in software engineering. Strengthened by the limited practical knowledge to reduce the energy consumption, organizations have less control over the energy impact of their products and lose the contribution of software towards energy related strategies. Consequently, industry risks not being able to meet customer requirements or even fulfillcorporate sustainability goals. In this paper we perform an exploratory case study on how to create and maintain awareness on an energy consumption perspective for software among stakeholders involved with the development of software products. During the study, we followed the development process of two commercial software products and provided direct feedback to the stakeholders on the effects of their development efforts, specifically concerning energy consumption and performance, using an energy dashboard. Multiple awareness measurements allowed us to keep track of changes over time on specific aspects affecting software development. Our results show that, despite a mixed sentiment towards the dashboard, changed awareness has triggered discussion on the energy consumption of software. ",2017,initial,Software Engineering,Energy Efficiency; Software Development Process; Software Engineering; Sustainability,Evaluation Research,Software Development accompanied by researchers measuring energy consumption and performance shown on a dashboard. Awarenex mechanisms influence stakeholder perception and discussion of software energy consumption,Empirical evidence,13
Empirical evaluation of two best practices for energy-efficient software development,10.1016/j.jss.2016.02.035,"Background. Energy efficiency is an increasingly important property of software. A large number of empirical studies have been conducted on the topic. However, current state-of-the-Art does not provide empirically-validated guidelines for developing energy-efficient software. Aim. This study aims at assessing the impact, in terms of energy savings, of best practices for achieving software energy efficiency, elicited from previous work. By doing so, it identifies which resources are affected by the practices and the possible trade-offs with energy consumption. Method. We performed an empirical experiment in a controlled environment, where we applied two different Green Software practices to two software applications, namely query optimization in MySQL Server and usage of ""sleep"" instruction in the Apache web server. We then performed a comparison of the energy consumption at system-level and at resource-level, before and after applying the practice. Results. Our results show that both practices are effective in improving software energy efficiency, reducing consumption up to 25%. We observe that after applying the practices, resource usage is more energy-proportional i.e., increasing CPU usage increases energy consumption in an almost linear way. We also provide our reflections on empirical experimentation in software energy efficiency. Conclusions. Our contribution shows that significant improvements in software energy efficiency can be gained by applying best practices during design and development. Future work will be devoted to further validate best practices, and to improve their reusability. ",2016,initial,Software Engineering,Empirical Research; Energy Efficiency; Performance; Resource Optimization; Software Engineering,Evaluation Research,Controlled experimental evaluation of software best practices applied to database and web server systems resulting in empirical evidence on the effectiveness of selected best practices in reducing software energy consumption and improving energy profiling,Empirical evidence,13
Energy Consumption of&nbsp;IoT Monitoring Software Architectures in&nbsp;the&nbsp;Edge,10.1007/978-3-031-70797-1_15,"IoT has led energy consumption to be a critical issue for sustainability due to the huge amount of power connections of IoT devices and the huge amount of generated data that must be transmitted and stored. As a result, the data monitoring process and its processing activities must be performed by the nodes and servers of the Edge in a sustainable way. The IoT monitoring process of data consists of four main activities: listening, filtering, translating and routing. Once the data has been monitored, it can be stored and transmitted to the Edge/Cloud. In order to address sustainable monitoring processes in the Edge, it is necessary to evaluate how the configuration of the components that compose the Edge monitoring architecture may influence its energy consumption. In this paper, we present the experimental results of an exploratory study and its findings, in which the energy consumption of four different software architecture configurations of an indoor environmental monitoring IoT system is measured. From the execution of 24 experiments, the study reveals the importance of balancing the monitoring activities between the Edge nodes and servers, and evidences the energy consumption increment that data storage implies for the Edge. ",2024,initial,Software Architecture,Architecture; Energy Efficiency; Internet of Things; Metrics and Measurement,Evaluation Research,Indoor IoT monitoring systems evaluated on Edge nodes and servers through controlled experiments giving empirical evidence on the energy consumption of different software architecture configurations for Edge-based IoT monitoring systems,Empirical evidence,13.5
Energy efficiency of the Visitor Pattern: contrasting Java and C++ implementations,10.1007/s10664-023-10387-8,"Design patterns are applied frequently during software evolution in order to make the software more flexible and amenable to extension. One little-studied aspect of design patterns is their propensity to increase run-time energy consumption due to the indirection and additional structure they introduce. In this paper we study the impact of the Visitor pattern on energy efficiency. The Visitor pattern separates an algorithm from the objects it acts upon and improves maintainability by placing each algorithm within a single visitor class. This is at the cost of increased indirection due to the double dispatch required when the algorithm is invoked. We experimentally investigate the energy impact of varying the implementation of this pattern, and of removing the pattern entirely from software written in Java and C++. In our results we observe energy consumption reductions greater than 7% in a Java-based textbook example when the pattern is implemented using reflective dispatch, and reductions of over 10% when experimenting with an open source Java project, JavaParser. The complete removal of the pattern yields more complex results, with little impact in the textbook example but reductions of over 7% in the JavaParser study. To explore the generalisability of our findings, we subsequently apply the same transformations to the C++ based CppParser. Total pattern removal here sees energy consumption reductions of over 66% while the reflective dispatch approach increases energy consumption by up to 2012%. Our results highlight the energy savings that can be achieved when the Visitor pattern is removed both in Java and C++ implementations, and also show that some language specific features can allow for further energy savings when the implementation of the pattern is varied. ",2023,initial,Design Patterns,Design Patterns; Energy Efficiency; Programming Languages,Evaluation Research,Software systems implemented in Java and C++ evaluated through controlled experiments on pattern variants and real-world projects resulting in empirical evidence on how different implementations and removal of the Visitor design pattern affect software energy consumption across programming languages,Empirical evidence,13.5
Evaluating the Impact of Design Pattern Usage on Energy Consumption of Applications for Mobile Platform,10.2478/acss-2021-0001,"Energy efficiency in mobile computing is really an important issue these days. Owing to the popularity and prevalence of Android operating system among the people, a great number of Android smartphone applications have been developed and proliferated by the software developers. While developing these applications, developers have to keep energy consumption factor in mind, as the efficiency of an application is largely affected by it. Thus, designers and programmers endeavour to choose the best designing approaches to develop energy-efficient applications. It is imperative to assist the programmers in choosing appropriate techniques and strategies to manage power consumption. In the present research, we have investigated the effect of Android application design on its energy utilisation. For this purpose, we have practically implemented design patterns on two Android applications and evaluated their energy consumption before and after implementing these patterns. We have modelled the high-level design of these two Android applications by using software design patterns in such a way as to abate their energy requirement. We have also checked how the quality, maintainability, and efficiency of code are affected by these design patterns. The outcomes of the research can facilitate programmers to utilise these details while developing energy efficient solutions.",2021,initial,Mobile Software Engineering,Design Patterns; Energy Efficiency; Maintenance; Mobile Applications; Performance; Software Engineering; Software Quality,Evaluation Research,Android mobile applications empirically evaluated before and after applying design patterns and their affects on energy consumption and quality attributes,Empirical evidence,13
Evolution of Kotlin Apps in terms of Energy Consumption: An Exploratory Study,10.1109/ICT4S58814.2023.00014,"Context. Java and Kotlin are the two main programming languages used to create Android applications. Kotlin almost completely replicates the capabilities offered by Java and offers extra features, making it a popular choice among developers. From a sustainability perspective, it is crucial to assess the energy usage of Kotlin-based Android applications. Goal. The goal of this study is to explore how the energy consumption of Kotlin applications evolves over time. The study also aims at identifying the key factors that influence energy consumption, to inform developers on how the changes they make affect the energy consumed by their applications. Method. To investigate how Kotlin apps' energy consumption changes through releases, we study three open-source apps Kotlin apps that are also present in the Google Play store. We conduct a measurement-based experiment during which we assess the energy consumed by several releases of each studied application, for a total of 171 executions. Afterwards, we statistically analyse the collected data to identify relevant energy fluctuations (i.e.,, spikes, drops). Finally, we manually inspect the source code changes in the apps to identify possible causes of the identified energy fluctuations. Results. All three studied applications exhibit a growing trend for energy consumption over the course of their releases. Moreover, abnormal energy spikes are found for all applications. There are different causes behind these variations, including OS upgrades, new features, poorly chosen design patterns and libraries, UI issues, and unstable app versions. Conclusions. Our study provides evidence that a number of not fully understood factors can affect the energy consumption of a mobile application. Further work is needed to study their impact. ",2023,initial,Mobile Software Engineering,Energy Efficiency; Mobile Applications; Programming Languages; Software Engineering; Software Evolution,Evaluation Research,"Open-source Android applications written in Kotlin, analyzed across multiple releases using measurement-based experiments resulting in empirical insights into how the energy consumption of Kotlin-based Android applications evolves over time and the factors influencing energy variations",Empirical evidence,13.5
How green are cloud patterns?,10.1109/PCCC.2015.7410295,"Cloud Patterns are abstract solutions to recurrent design problems in the cloud. Previous work has shown that these patterns can improve the Quality of Service (QoS) of cloud applications but their impact on energy consumption is still unknown. Yet, energy consumption is the biggest challenge that cloud computing systems (the backbone of today's high-tech economy) face today. In fact, 10% of the world's electricity is now being consumed by servers, laptops, tablets and smartphones. Energy consumption has complex dependencies on the hardware platform, and the multiple software layers. The hardware, its firmware, the operating system, and the various software components used by a cloud application, all contribute to determining the energy footprint. Hence, even though increasing a data center efficiency will eventually improve energy efficiency, the internal design of cloud-based applications can be improved to lower energy consumption. In this paper, we conduct an empirical study on a RESTful multi-threaded application deployed in the cloud, to investigate the individual and the combined impact of three cloud patterns (e.g., Local Database proxy, Local Sharding Based Router and Priority Queue) on the energy consumption of cloud based applications. We measure the energy consumption using Power-API; an application programming interface (API) written in Java to monitor the energy consumed at the process-level. Results show that cloud patterns can effectively reduce the energy consumption of a cloud application, but not in all cases. In general, there appear to be a trade-off between an improved response time of the application and the energy consumption. Developers and software architects can make use of these results to guide their design decisions. ",2016,initial,Software Architecture,Architecture; Cloud Computing; Design Patterns; Energy Efficiency; Metrics and Measurement; Software Engineering; Web Applications,Evaluation Research,Cloud-based applications deployed in a public cloud and evaluated through controlled experiments using energy monitoring APIs giving empirical evidence on the energy impact of cloud design patterns and analysis of trade-offs between energy consumption and performance,Empirical evidence,13.5
Inheritance versus Delegation: Which is more energy efficient?,10.1145/3387940.3392192,"Energy consumption of software is receiving more attention as concerns regarding climate change increase. One factor that significantly impacts how much energy is expended by a software application is the design of the software itself. Existing studies find few consistent results regarding the impact of common refactorings on energy consumption, nor do they define a concrete set of metrics that measure the energy efficiency of software. In this paper, we present the results of preliminary experiments that explore the Replace Inheritance with Delegation refactoring, and its inverse, to assess the impact these design-level refactorings have on energy consumption in the Java programming language. In the tested programs, inheritance proved to be more energy efficient than delegation, with a reduction in run time of 77% and a reduction in average power consumption of 4%. We subsequently propose a research plan to further explore this problem and observe a number of specific challenges in this area. The primary goals of this research are threefold: (i) to investigate how redundancy in an object-oriented design can contribute to unnecessary energy consumption, (ii) to determine how refactoring of the software can remove this redundancy, and (iii) to develop a general-purpose automated tool to perform this refactoring. ",2020,initial,Software Maintenance,Design Patterns; Energy Efficiency; Programming; Refactoring; Software Engineering,Validation Research,Java software systems analyzed through preliminary refactoring experiments on inheritance and delegation refactorings with respect to energy consumption,Empirical evidence,14
Investigating the impact on execution time and energy consumption of developing with Spring,10.1016/j.suscom.2021.100603,"Respect for the environment has become a feature of life that is essential to take into account in our present-day society. Nevertheless, although software consumes large amounts of energy, in the software development sector it seems that awareness of this issue is still lacking. As software engineers, we must contribute to bringing about a change of vision in the sector. A good way of doing so is by giving companies clear guidelines on how to act. In this paper we present an example of this, focused on Spring. Spring is a server-side Java development framework that reduces the time to market of new applications, helps developers to save a great deal of development time, and hence improves their productivity. Our objective is to discover whether all these advantages are also accompanied by good energy consumption behaviour. To that end, we have compared the execution time and the energy consumption required by three releases of the same application, developed with and without Spring. This paper presents all the details of the study carried out, and sets forth our conclusions on the suitability of using Spring in the development of software applications. ",2021,initial,Framework,Distributed Systems; Energy Efficiency; Frameworks and Tools; Metrics and Measurement; Programming Languages; Software Engineering,Evaluation Research,Server-side Java applications evaluated across multiple releases developed with and without the Spring framework giving empirical comparison of execution time and energy consumption of applications developed using the Spring framework versus plain Java,Empirical evidence,13
"Is it Worth Migrating a Monolith to Microservices? An Experience Report on Performance, Availability and Energy Usage",10.1109/ICWS62655.2024.00112,"The microservice architecture (MSA) emerged as an evolution of existing architectural styles with the promise of improving software quality by decomposing an app into modules that can be maintained, deployed, and scaled independently. However, the transition from a monolithic to a microservice architecture is fraught with difficulties, especially when it comes to assessing qualitative aspects, as controversial results can arise. In this paper, we present an experience report on the migration of a monolithic web application and use performance, availability and energy efficiency as quality attributes to shed light on such an architectural transition. Horizontal scaling, i.e., distributing the workload across several service instances, is applied and we study its impact.Our main findings are: i) when no app component is replicated, MSA outperforms the monolithic architecture; ii) the monolithic architecture shows performance and availability improvement when replicating the entire app; iii) the replicated MSA version reaches a ceiling when not replicating its routing part (i.e., the API gateway), showing worse response times compared to the replicated monolith; iv) when replicating the API gateway, the MSA version reaches optimal performance with fewer replicates than the monolith; v) when not replicating services, MSA consumes more CPU resources than the monolithic architecture; vi) when scaling up, the MSA version is more efficient than the replicated monolith in terms of memory usage, and it can better exploit CPU resources; vii) when not replicating services, MSA consumes more energy than the monolithic architecture, whereas when scaling up, the MSA version is more efficient than the replicated monolith; MSA version reaches a good balance between CPU and memory usage. ",2024,initial,Software Architecture,Architecture; Energy Efficiency; Performance; Software Quality,Evaluation Research,"Migration of a real-world web application from monolithic to microservice architecture with horizontal scaling to gain empirical insights into performance, availability, resource usage, and energy trade-offs when migrating from monoliths to microservices",Empirical evidence,14
Measuring and Analysing Erlang's Energy Usage,10.1109/MIPRO60963.2024.10569977,"Energy efficiency in software development has become an increasingly important research area in recent years. Previous studies investigated the impact of programming language and coding practices on energy consumption. The studies show that the Erlang programming language consumes more energy compared to other languages. In this paper, we would like to demonstrate that Erlang's energy behaviour is significantly better than the previous thought when a problem close to Erlang's design is measured. Therefore, when we are creating green software, we need to consider not only the programming language but also the problem domain. ",2024,initial,Software Engineering,Energy Efficiency; Programming Languages; Software Engineering,Evaluation Research,Software systems evaluated by measuring energy usage of Erlang programs in problem domains aligned with the language design showing that erlang's energy consumption depends strongly on the problem domain and can be more efficient than previously assumed,Empirical evidence,13.5
Native or web? A preliminary study on the energy consumption of android development models,10.1109/SANER.2016.93,"Energy consumption has become an increasingly important topic in software development, especially due to the ubiquity of mobile devices, and the choice of programming language can directly impact battery life. This paper presents a study on the issue of energy efficiency on the Android platform, comparing the performance and energy consumption of 33 different benchmarks in the two main programming languages employed in Android development: Java and JavaScript. Preliminary results show that Java applications may consume up to 36.27x more energy, with a median of 2.28x, than their JavaScript counterparts, in benchmarks that are mostly CPU-intensive. In some scenarios, though, Java benchmarks exhibited better energy efficiency, with JavaScript consuming up to 2.27x more energy. Based on these results, two Java applications were re-engineered, and through the insertion of JavaScript functions, hybrid applications were produced. In both cases, improvements in energy efficiency were obtained. Considering that Android apps written in Java are the norm, results from this study indicate that using a combination of JavaScript and Java may lead to a non-negligible improvement in energy efficiency. ",2016,initial,Mobile Software Engineering,Energy Efficiency; Mobile Applications; Programming Languages; Software Engineering,Evaluation Research,Android applications evaluated using benchmark programs and hybrid implementations resulting in empirical evidence of the energy consumption of native Java and web-based JavaScript Android development models and evidence of energy savings through hybrid approaches,Empirical evidence,13.5
On the Energy Consumption of Web Applications: An Empirical Study of their Design Solutions,10.1109/GREENS66463.2025.00012,"Recent studies show that software systems account for approximately 6% of global energy consumption. Coupled with new regulations urging French organizations to adopt energy-efficient practices, this has increased the need for energy-conscious development methods. However, a key challenge remains the lack of detailed data on the impact of design solutions on software energy consumption, complicating efforts for software architects who must balance performance and energy efficiency. Without clear data on how design decisions - such as architectural styles, frameworks, and serialization methods - affect energy use, optimizing both performance and sustainability is difficult. Most existing studies on software energy consumption focus on small-scale projects and technologies irrelevant to Berger-Levrault's environment, where this study was conducted. To address this, we propose a methodology to evaluate the energy consumption of alternative design solutions using the Dynatrace Carbon Impact module, chosen for its compatibility with virtualized and cloud-based environments, and NeoLoad performance testing, selected for its compatibility with Berger-Levrault's specific technologies. Using this approach, we compared two versions of the same application: a legacy version built with Citrix, Java Swing, and RPC, and a modern version using Angular, Spring Boot, and REST. We also evaluated Protobuf versus JSON serialization. Our findings show that adopting Angular for the frontend and Spring Boot for the backend reduces overall energy consumption by approximately 70%. The Angular frontend uses 30 times less energy than Java Swing. Furthermore, Protobuf serialization reduces energy usage by 33% compared to JSON, due to its faster processing and lower memory requirements. These results highlight the energy-saving potential of modern web technologies and optimized data formats for sustainable software development. ",2025,initial,Software Architecture,Architecture; Communication Technologies; Energy Efficiency; Software Engineering; Web Applications,Evaluation Research,"Enterprise web applications evaluated in virtualized/cloud environment using performance and energy monitoring tools giving empirical evidence of the energy impact of alternative web design solutions, including frontedn frameworks, backend architectures, and serialization methods",Empirical evidence,13.5
Power consumption aware software architecture for M-health applications with adaptive security of network protocols,10.1109/TELSKS.2015.7357791,"The goal of this paper is development of software architecture for mobile devices, which is able to trade-off between security levels and power consumption. The analysis of the influence of different security protocols on power consumption is given. The proposed architecture is described in detail. Three different security levels with corresponding cipher suites are proposed: low, medium and high. The architecture is implemented on Android platform. The difference in power consumptions of the cipher suites in high and low security/power profiles is around 8.2% for WiFi, and 9.6% for 3G network. In order to further reduce the power consumption during network communication, the delay between sending two successive packets is analyzed. The proposed architecture is capable of stalling packets and sending them in burst-mode, letting the network interface to stay in low-power mode for a longer period of time. The power consumption in this mode is reduced for additional 25%. ",2015,initial,Software Architecture,Architecture; Energy Efficiency; Frameworks and Tools; Maintenance; Methodologies; Software Development Process; Software Engineering; Software Quality; Sustainability; System Software,Evaluation Research,Enterprise information system developed using Agile-layering aspect-oriented framework (ALAI) and evaluated through operational energy measurements compared to traditional Agile development,Empirical evidence,14.5
Programming Techniques for Energy-Efficient Software,10.1007/978-3-030-71616-5_15,"Software is becoming a central issue in decreasing the power consumption in low-power programmable computer systems. In such systems the amount of energy consumption caused by software has several impact of the systems costs. Minimizing power consumption is one of the primary challenges that applications developers faces due to lack of the running cost (x86 based computer) or the instrumentation functionality (Embedded Systems) of the system. This talk will focus on different prospects of energy usage and energy aware software design in computer systems mainly in Embedded Systems. Some examples of the role of programming techniques to rise the system energy efficiency, quantify the impact and fix the issues in applications to minimize the power consumption will be presented. The limits and differences in application of these techniques to x86 based server or HPC will be discussed. ",2021,initial,Design Patterns,Design Patterns; Energy Efficiency; Programming; Refactoring; Software Engineering,Evaluation Research,Java software systems evaluated through controlled experiments on texbook examples and an open-source project resulting in empirical evidence showing that removing the decorator design pattern can significantly reduce energy consumption in Java applications,Empirical evidence,15
Techniques for low energy software,10.1145/263272.263286,"The energy consumption of a system depends upon the hardware and software component of a system. Since it is the software which drives the hardware in most systems, decisions taken during software design has significant impact on the energy consumption of the processor. The paper focuses on decreasing energy consumption of a processor using software techniques. A novel compiler technique is proposed which reduces energy consumption by proper register labeling during the compilation phase. The idea behind this technique is to reduce the energy of the processor by reducing the energy of the instruction register (also the instruction data bus) and the register file decoder by encoding the register labels such that the sum of the switching costs between all the register labels in the transition graph is minimized. There is no hardware penalty since this is purely a compiler optimization. Results on benchmarks show that the energy consumption of the DLX processor can be reduced by 9.82% (maximum) and 4.25% (average) (as measured by DLX energy simulator). In addition several compiler techniques such as loop unrolling, software pipelining, recursion elimination and of effects of different algorithms on power and energy consumption are studied. This evaluation methodology is useful for computer architects to evaluate energy improvements of their hardware, compiler writers to evaluate energy of the compiled code and program writers to evaluate energy of data structures and algorithms.",1997,initial,Design Patterns,Design Patterns; Energy Efficiency; Refactoring; Software Engineering,Evaluation Research,Java software systems evaluated through controlled experiments on textbook examples and an open-source project resulting in empirical evidence of the energy impact of different implementation and removal of the Visitor design pattern,Empirical evidence,14
The impact of Distributed programming abstractions on application energy consumption,10.1016/j.infsof.2013.02.014,"With battery capacities remaining a key physical constraint for mobile devices, energy efficiency has become an important software design consideration. Distributed programming abstractions (e.g., sockets, RPC, messages, etc.) are an essential component of modern software, but their energy consumption characteristics are poorly understood. The programmer has few practical guidelines to choose the right abstraction for energy-constrained scenarios. In this article, we report on the findings of a systematic study we conducted to compare and contrast major distributed programming abstractions in terms of their energy consumption patterns. By varying the abstractions with the rest of the functionality fixed, we measure and analyze the impact of distributed programming abstractions on application energy consumption. Based on our findings, we present a set of practical guidelines for the programmer to select an abstraction that satisfies the energy consumption constraints in place. Our other guidelines can steer future efforts in creating energy efficient distributed programming abstractions. © 2013 Elsevier B.V. All rights reserved. ",2013,initial,Software Engineering,Energy Efficiency; Green Computing; Resource Optimization; Software Engineering; Sustainability,Evaluation Research,Software engineering processes and real-world software systems analyzed through empirical studies and case studies providing empirical insights and best practices for integrating green computing principles into software engineering to improve sustainability,Empirical evidence,13
Towards a sustainable architectural design by an adaptation of the architectural driven design method,10.1007/978-3-319-42108-7_6,"Sustainability is a global concern. It must be addressed by different sectors of society, even by the information technology sector. Moreover, such effort should not be only focused on direct impacts of technology over the environment, but also on the software engineering discipline by itself, which is facing now other dimensions of sustainability. In this paper, an adaptation of the Attribute-Driven Design method including sustainability as a driver is introduced. The proposal is based on sustainability guidelines established by the Karlskrona Manifesto. It involves a multidimensional sustainability analysis considering three levels of impacts and opportunities for each one of the architectural components. The adaptation is motivated by the design of a sustainable architecture of a cloud-based personal health record. The designed architecture is termed Health Catalogue Repository. It offers cloud services, allowing interoperability and timely access to patients’ clinical information. Energy consumption and resources optimization are contemplated like fundamental sustainability characteristics in the architectural design. The achieved design offers a better trade-off among quality attributes and sustainability constraints. The achieved design by using the proposal reduces the long-term impacts whilst increases the sustainability opportunities in architectural components. ",2016,initial,Software Architecture,Architecture; Cloud Computing; Design Patterns; Energy Efficiency; Metrics and Measurement; Performance; Software Engineering,Evaluation Research,"Cloud-deployed multi-process and multi-threaded applications evaluated using process-level energy measurements giving empirical evidence of the energy and performance impact of cloud design patterns, resulting in pracical guidelines for energy-aware cloud application design",Empirical evidence,13.5
Understanding the impact of cloud patterns on performance and energy consumption,10.1016/j.jss.2018.03.063,"Cloud patterns are abstract solutions to recurrent design problems in the cloud. Previous work has shown that these patterns can improve the Quality of Service (QoS) of cloud applications but their impact on energy consumption is still unknown. In this work, we conduct an empirical study on two multi-processing and multi-threaded applications deployed in the cloud, to investigate the individual and the combined impact of six cloud patterns (Local Database Proxy, Local Sharding Based Router, Priority Queue, Competing Consumers, Gatekeeper and Pipes and Filters) on the energy consumption. We measure the energy consumption using Power-API; an application programming interface (API) written in Java to monitor the energy consumed at the process-level. Results show that cloud patterns can effectively reduce the energy consumption of a cloud-based application, but not in all cases. In general, there appear to be a trade-off between an improved response time of the application and the energy consumption. Moreover, our findings show that migrating an application to a microservices architecture can improve the performance of the application, while significantly reducing its energy consumption. We summarize our contributions in the form of guidelines that developers and software architects can follow during the implementation of a cloud-based application. ",2018,initial,Software Engineering,Design Patterns; Energy Efficiency; Performance; Programming; Software Engineering,Evaluation Research,Software systems analyzed through empirical experiments assessing OOP features and design pattern usage on how object-oriented programming features and design patterns influence software performance and energy efficiency,Empirical evidence,14
APE: an annotation language and middleware for energy-efficient mobile application development,10.1145/2568225.2568288,"Energy-efficiency is a key concern in continuously-running mobile applications, such as those for health and context monitoring. Unfortunately, developers must implement complex and customized power-management policies for each application. This involves the use of complex primitives and writing error-prone multithreaded code to monitor hardware state. To address this problem, we present APE, an annotation language and middleware service that eases the development of energy-efficient Android applications. APE annotations are used to demarcate a power-hungry code segment whose execution is deferred until the device enters a state that minimizes the cost of that operation. The execution of power-hungry operations is coordinated across applications by the APE middleware. Several examples show the expressive power of our approach. A case study of using APE annotations in a real mobile sensing application shows that annotations can cleanly specify a power management policy and reduce the complexity of its implementation. An empirical evaluation of the middleware shows that APE introduces negligible overhead and equals hand-tuned code in energy savings, in this case achieving 63.4% energy savings compared to the case when there is no coordination.",2014,snowballing,Mobile Software Engineering,Energy Efficiency; Mobile Applications; Frameworks and Tools; Performance; Empirical Research,Evaluation Research,The study empirically compares cross-platform mobile development frameworks against native development to assess their impact on energy consumption and performance.,Empirical evidence,13.5
An energy consumption framework for distributed java-based systems,10.1145/1321631.1321699,"In this paper we define and evaluate a framework for estimating the energy consumption of Java-based software systems. Our primary objective in devising the framework is to enable an engineer to make informed decisions when adapting a system's architecture, such that the energy consumption on hardware devices with a finite battery life is reduced, and the lifetime of the system's key software services increases. Our framework explicitly takes a component-based perspective, which renders it well suited for a large class of today's distributed, embedded, and pervasive applications. The framework allows the engineer to estimate the software system's energy consumption at system construction-time and refine it at runtime. In a large number of distributed application scenarios, the framework showed very good precision on the whole, giving results that were within 5% (and often less) of the actually measured power losses incurred by executing the software. Our work to date has also highlighted a number of possible enhancements",2007,snowballing,Mobile Software Engineering,Energy Efficiency; Mobile Applications; Programming; Performance; Empirical Research; Resource Optimization,Evaluation Research,The study empirically evaluates common programming practices in Android apps to determine their effectiveness in reducing energy consumption.,Empirical evidence,14
An investigation into energy-saving programming practices for Android smartphone app development,10.1145/2593743.2593750,"Developing energy efficient mobile applications is an impor- tant goal for software developers as energy usage can di- rectly affect the usability of a mobile device. Unfortunately, developers lack guidance as to how to improve the energy efficiency of their implementation and which practices are most useful. In this paper we conducted a small-scale em- pirical evaluation of commonly suggested energy-saving and performance-enhancing coding practices. In the evaluation we evaluated the degree to which these practices were able to save energy as compared to their unoptimized code coun- terparts. Our results provide useful guidance for mobile app developers. In particular, we found that bundling network packets up to a certain size and using certain coding prac- tices for reading array length information, accessing class fields, and performing invocations all led to reduced energy consumption. However, other practices, such as limiting memory usage had a very minimal impact on energy us- age. These results serve to inform the developer community about specific coding practices that can help lower the over- all energy consumption and improve the usability of their applications.",2014,snowballing,Mobile Software Engineering,Energy Efficiency; Mobile Applications; Programming; Performance; Empirical Research; Code Quality,Evaluation Research,The study experimentally evaluates the impact of Android coding best practices on performance and energy efficiency across different mobile devices.,Empirical evidence,14
Analysis and evaluation of the android best practices impact on the efficiency of mobile applications,10.1109/sbesc.2013.39,"This paper evaluates the impacts of two most promising Android best practices regarding performance and energy consumption. In the experiments, the practices are applied to the code of an Android application and the code efficiency on different mobile devices is analyzed. Experimental results indicate that the use of the most appropriate for syntax and the avoiding getters/setters improves the Android codes efficiency.",2013,snowballing,Code Smells,Energy Efficiency; Refactoring; Code Quality; Software Quality; Empirical Research; Sustainability,Evaluation Research,"The study empirically analyzes how refactoring a God Class affects power consumption, highlighting trade-offs between maintainability and energy efficiency.",Empirical evidence,14
Characterizing energy-aware software projects: Are they different?,,"The improvement in battery technology for battery-driven devices is insignificant compared to their computing ability. In spite of the overwhelming advances in processing ability, adoption of sophisticated applications is hindered by the fear of shorter battery life. This is one of the several reasons software developers are becoming conscious of writing energy efficient code. Research has been conducted to model software energy consumption, to reduce energy drains, and to understand developers expertise on energy efficiency. In this paper, however, we investigate the nature of energy-aware software projects. We observed that projects concerned with energy issues are larger and more popular than the projects that do not address energy consumption. Energy related code changes are larger than others (e.g., bug fixes). In addition, our initial results suggest that energy efficiency is mostly addressed on certain platforms and applications.",2016,snowballing,Software Engineering,Energy Efficiency; Empirical Research; Software Evolution; Software Quality; Software Development Process,Evaluation Research,"The study empirically analyzes characteristics of energy-aware software projects, comparing their size, popularity, and code changes to non-energy-aware projects.",Empirical evidence,13
Data-oriented characterization of application-level energy optimization,10.1007/978-3-662-46675-9_21,"Empowering application programmers to make energy-aware decisions is a critical dimension of energy optimization for computer systems. In this paper, we study the energy impact of alternative data management choices by programmers, such as data access patterns, data precision choices, and data organization. Second, we attempt to build a bridge between application-level energy management and hardware-level energy management, by elucidating how various application-level data management features respond to Dynamic Voltage and Frequency Scaling (DVFS). Finally, we apply our findings to real-world applications, demonstrating their potential for guiding application-level energy optimization. The empirical study is particularly relevant in the Big Data era, where data-intensive applications are large energy consumers, and their energy efficiency is strongly correlated to how data are maintained and handled in programs.",2015,snowballing,Software Engineering,Energy Efficiency; Data Structures; Performance; Empirical Research; Resource Optimization,Evaluation Research,The study empirically analyzes how data management decisions in applications influence energy consumption and interact with hardware-level optimizations like DVFS.,Empirical evidence,13.5
"Definition, implementation and validation of energy code smells: an exploratory study on an embedded system",,"Optimizing software in terms of energy efficiency is one of the challenges that both research and industry will have to face in the next few years.We consider energy efficiency as a software product quality characteristic, to be improved through the refactoring of appropriate code pattern: the aim of this work is identifying those code patterns, hereby defined as Energy Code Smells, that might increase the impact of software over power consumption. For our purposes, we perform an experiment consisting in the execution of several code patterns on an embedded system. These code patterns are executed in two versions: the first one contains a code issue that could negatively impact power consumption, the other one is refactored removing the issue. We measure the power consumption of the embedded device during the execution of each code pattern. We also track the execution time to investigate whether Energy Code Smells are also Performance Smells. Our results show that some Energy Code Smells actually have an impact over power consumption in the magnitude order of micro Watts. Moreover, those Smells did not introduce a performance decrease.",2013,snowballing,Code Smells,Energy Efficiency; Code Quality; Embedded Systems; Empirical Research; Performance; Refactoring,Validation Research,"The study defines, implements, and experimentally validates energy-related code smells on an embedded system by comparing original and refactored code versions.",Empirical evidence,13
Do energy-oriented changes hinder maintainability?,10.1109/icsme.2019.00013,"Energy efficiency is a crucial quality requirement for mobile applications. However, improving energy efficiency is far from trivial as developers lack the knowledge and tools to aid in this activity. In this paper we study the impact of changes to improve energy efficiency on the maintainability of Android applications. Using a dataset containing 539 energy efficiency-oriented commits, we measure maintainability – as computed by the Software Improvement Group's web-based source code analysis service Better Code Hub (BCH) – before and after energy efficiency-related code changes. Results show that in general improving energy efficiency comes with a significant decrease in maintainability. This is particularly evident in code changes to accommodate the Power Save Mode and Wakelock Addition energy patterns. In addition, we perform manual analysis to assess how real examples of energy-oriented changes affect maintainability. Our results help mobile app developers to 1) avoid common maintainability issues when improving the energy efficiency of their apps; and 2) adopt development processes to build maintainable and energy-efficient code. We also support researchers by identifying challenges in mobile app development that still need to be addressed.",2019,snowballing,Software Maintenance,Energy Efficiency; Maintenance; Software Quality; Mobile Applications; Empirical Research,Evaluation Research,The study empirically analyzes how energy-oriented code changes affect the maintainability of Android applications using real-world commits.,Empirical evidence,13
Does maintainability relate to the energy consumption of software? A case study,10.1007/s11219-020-09536-9,"Energy consumption of software has been becoming increasingly significant, since it can vary according to how the software has been developed. In recent years, developers and researchers have been interested in analyzing, among other things, how energy consumption evolves when changes occur from one version to another in any given software. Thus far, the only studies available are theoretical papers that reinforce the idea that maintainability may have an influence on energy use, but this needs to be proven empirically, which is the goal of this article. This work presents an empirical study carried out to test whether there is a relationship between the energy consumption and the maintainability of several versions of Redmine. Maintainability has been assessed by means of different measures, such as the number of lines of code, or the complexity of the software, calculated using SonarCloud, and the energy consumption measurements have been captured using the EET device. The results obtained show that the number of lines of code affects both the energy consumption of the processor and the total consumption of the computer where the software is run. It is intended that the results from this work should serve as a basis for the undertaking of new empirical studies which will enable the relationship between the software maintainability and the energy efficiency of that software to be better understood.",2021,snowballing,Software Maintenance,Energy Efficiency; Maintenance; Software Quality; Metrics and Measurement; Empirical Research,Evaluation Research,The study empirically investigates the relationship between software maintainability metrics and energy consumption across multiple versions of a software system.,Empirical evidence,13
Early analysis of resource consumption patterns in mobile applications,10.1016/j.pmcj.2016.06.011,"Mobile device capabilities have increased tremendously in recent years, and the complexity of the applications executed in these devices has evolved accordingly. However, despite the efforts made by mobile manufactures, resource consumption, particularly battery and data traffic, are still limiting factors for mobile applications. The most important aspects determining the consumption of a mobile application is its software architecture and its behaviour. Hence, by comparing the resource consumption of different software architectures before an application is built, mobile developers can make decisions that are better informed. This work presents the consumption analysis of two applications, each of them built with two different architectures in order to identify under which situation each architecture is more efficient. In addition, by generalizing the analysis of the two applications, a conceptual framework is created with which to analyse the consumption pattern of applications in their early development phases. This conceptual framework will allow mobile developers to estimate the resource consumption of their applications under different conditions of software architecture and usage scenarios, providing them with information relevant for decision making.",2017,snowballing,Code Smells,Energy Efficiency; Refactoring; Mobile Applications; Software Quality; Empirical Research,Evaluation Research,"The study proposes and evaluates EARMO, an energy-aware refactoring approach that detects and corrects anti-patterns in mobile apps to improve energy efficiency.",Method,13
Empirical evaluation of the energy impact of refactoring code smells,10.29007/dz83,"Software energy efficiency has gained increasing attention of the research community. How to improve it, however, still lacks evidence. Specifically, the impact of code smell refactoring on energy efficiency has been scarcely investigated. In the pilot study here reported, we investigate the impact on performance and energy consumption of refactoring well-known code smells on Java software applications. In order to understand if software metrics can be used as indicators of the energy impact of refactoring, we also measured the variation caused by refactoring on a set of well-established software metrics. We conducted a controlled experiment using state-of-the-art power measurement equipment. Statistical hypothesis testing and effect size estimation were performed on the experimental results. Results show that in one out of three applications, refactoring each smell significantly impacted power- and energy consumption. Specifically, refactoring Feature Envy and Long Method smells led to a 49% energy efficiency improvement. No software metrics significantly correlated with execution time, power or energy consumption. In conclusion, refactoring code smells can significantly improve software energy efficiency. The magnitude of the impact may depend on application properties, e.g. size or age. Further research is needed to understand the relationship between software metrics and energy efficiency.",2018,snowballing,Code Smells,Energy Efficiency; Refactoring; Code Quality; Software Quality; Empirical Research; Metrics and Measurement,Evaluation Research,The study experimentally evaluates the impact of refactoring code smells on energy consumption and performance in Java applications.,Empirical evidence,14
"Energy efficiency across programming languages: how do energy, time, and memory relate?",10.1145/3136014.3136031,"This paper presents a study of the runtime, memory usage and energy consumption of twenty seven well-known software languages. We monitor the performance of such languages using ten different programming problems, expressed in each of the languages. Our results show interesting findings, such as, slower/faster languages consuming less/more energy, and how memory usage influences energy consumption. Finally, we show how to use our results to provide software engineers support to decide which language to use when energy efficiency is a concern.",2017,snowballing,Software Engineering,Energy Efficiency; Programming Languages; Performance; Empirical Research; Metrics and Measurement,Evaluation Research,"The study empirically compares multiple programming languages to analyze the relationship between energy consumption, execution time, and memory usage.",Empirical evidence,13.5
Energy efficiency analysis of code refactoring techniques for green and sustainable software in portable devices,10.3390/electronics11030442,"Code refactoring is a time-consuming and effort-intensive process that is applied for making improvements to source codes. There exist several refactoring techniques to improve software quality. Some of them aim to reduce the energy consumption of the software. However, the combination of applied refactoring techniques is crucial to the success rate. In addition, to provide sustainable services on portable devices such as mobile phones and laptops, which rely on batteries, improving and optimizing the energy efficiency is important. This study focuses on examining the effect of code refactoring techniques on energy consumption. A total of 25 different source codes of applications programmed in the C# and Java languages are selected for the study, and combinations obtained from refactoring techniques are applied to these source codes. The combinations applied are analyzed using the maintainability index. Power consumption estimation tools are used to measure the energy consumption of the original and refactored codes. The results show that the combinations significantly improve the software‚Äôs energy efficiency. The results will provide a better understanding of the relationship between the energy efficiency of software and refactoring techniques. Moreover, they will help developers to improve their object-oriented code in terms of both energy efficiency and sustainability.",2022,snowballing,Code Smells,Energy Efficiency; Refactoring; Code Quality; Software Quality; Empirical Research; Sustainability,Evaluation Research,The study empirically analyzes how different combinations of refactoring techniques affect energy consumption and maintainability in software applications.,Empirical evidence,14
Energy efficient coding practices for sustainable software development,10.4108/eai.17-11-2023.2342635,"Cloud computing has revolutionized the IT landscape, offering unparalleled scalability and flexibility to both businesses and end-users. But there's growing concern about how much electricity cloud data centers consume. The increasing need for cloud services has made it imperative to conduct research on maximizing energy efficiency in cloud computing. This research study compares two different applications to examine energy-efficient coding methods in cloud computing and provides an overview of current green data center architecture aspects. The goal of this effort is to pinpoint procedures that can drastically lower energy usage in cloud environments. The two main steps in the suggested methodology are as follows. Initially, the energy usage is evaluated for two distinct programs that are operating in a cloud environment. First, the energy consumption is assessed for two different applications running in a cloud environment: Application-A coded in JavaScript, which utilizes conventional coding practices, and Application-B coded in Java, which integrates advanced energy-efficient coding techniques. Both applications are subjected to a series of experiments to measure power consumption and performance metrics, to quantify the energy savings achieved by Application-B which employs energy efficient coding practices. Second, coding practices employed in each application are explored to identify key differences that contribute to their varying energy efficiency.",2024,snowballing,Software Engineering,Energy Efficiency; Cloud Computing; Programming; Performance; Empirical Research,Evaluation Research,The study empirically compares applications using conventional and energy-efficient coding practices in a cloud environment to assess their impact on energy consumption and performance.,Empirical evidence,14
Energy profiles of Java collections classes,10.1145/2884781.2884869,"We created detailed profiles of the energy consumed by common operations done on Java List, Map, and Set abstractions. The results show that the alternative data types for these abstractions differ significantly in terms of energy consumption depending on the operations. For example, an ArrayList consumes less energy than a LinkedList if items are inserted at the middle or at the end, but consumes more energy than a LinkedList if items are inserted at the start of the list. To explain the results, we explored the memory usage and the bytecode executed during an operation. Expensive computation tasks in the analyzed bytecode traces appeared to have an energy impact, but memory usage did not contribute. We evaluated our profiles by using them to selectively replace Collections types used in six applications and libraries. We found that choosing the wrong Collections type, as indicated by our profiles, can cost even 300% more energy than the most efficient choice. Our work shows that the usage context of a data structure and our measured energy profiles can be used to decide between alternative Collections implementations.",2016,snowballing,Software Engineering,Energy Efficiency; Data Structures; Programming; Performance; Empirical Research; Metrics and Measurement,Evaluation Research,The study empirically analyzes the energy consumption of different Java collection classes and demonstrates how selecting appropriate data structures impacts energy efficiency in applications.,Empirical evidence,14.5
Energy refactorings for android in the large and in the wild,10.1109/saner48275.2020.9054858,"Improving the energy efficiency of mobile applications is a timely goal, as it can contribute to increase a device's usage time, which most often is powered by batteries. Recent studies have provided empirical evidence that refactoring energy-greedy code patterns can in fact reduce the energy consumed by an application. These studies, however, tested the impact of refactoring patterns individually, often locally (e.g., by measuring method-level gains) and using a small set of applications. We studied the application-level impact of refactorings, comparing individual refactorings, among themselves and against the combinations on which they appear. We use scenarios that simulate realistic application usage on a large-scale repository of Android applications. To fully automate the detection and refactoring procedure, as well as the execution of test cases, we developed a publicly available tool called Chimera. Our findings include statistical evidence that i) individual refactorings produce consistent gains, but with different impacts, ii) combining as much refactorings as possible most often, but not always, increases energy savings when compared to individual refactorings, and iii) a few combinations are harmful to energy savings, as they can actually produce more losses than gains. We prepared a set of guidelines for developers to follow, aiding them on deciding how to refactor and consistently reduce energy.",2020,snowballing,Code Smells,Energy Efficiency; Refactoring; Mobile Applications; Software Quality; Empirical Research,Evaluation Research,The study empirically evaluates the impact of individual and combined energy-related refactorings on Android applications at scale and provides developer guidelines.,Empirical evidence,14
How do code refactorings affect energy usage?,10.1145/2652524.2652538,"Context: Code refactoring's benefits to understandability, maintainability and extensibility are well known enough that automated support for refactoring is now common in IDEs. However, the decision to apply such transformations is currently performed without regard to the impacts of the refactorings on energy consumption. This is primarily due to a lack of information and tools to provide such relevant information to developers. Unfortunately, concerns about energy efficiency are rapidly becoming a high priority concern in many environments, including embedded systems, laptops, mobile devices, and data centers. Goal: We aim to address the lack of information about the energy efficiency impacts of code refactorings. Method: We conducted an empirical study to investigate the energy impacts of 197 applications of 6 commonly-used refactorings. Results: We found that refactorings can not only impact energy usage but can also increase and decrease the amount of energy used by an application. In addition, we also show that metrics commonly believed to correlate with energy usage are unlikely to be able to fully predict the impact of applying a refactoring. Conclusion: The results from this and similar studies could be used to augment IDEs to help software developers build more energy efficient software.",2014,snowballing,Code Smells,Energy Efficiency; Refactoring; Code Quality; Software Quality; Empirical Research; Metrics and Measurement,Evaluation Research,The study empirically investigates how six common code refactorings affect energy consumption across 197 applications.,Empirical evidence,14
How does code obfuscation impact energy usage?,10.1109/icsme.2014.35,"Software piracy is an important concern for application developers. Such concerns are especially relevant in mobile application development, where piracy rates can approach 90%. The most commonly used approach by mobile developers for preventing piracy is code obfuscation. However, the decision to apply such transformations is currently made without regard to the impacts of obfuscations on another area of increasing concern for mobile application developers: energy consumption. Because both software piracy and battery life are important concerns, mobile application developers must strike a balance between protecting their applications and preserving the battery lives of their users' devices. To help them make such choices, we conducted an empirical study of the effects of 18 code obfuscations on the amount of energy consumed by executing a total of 15 usage scenarios spread across 11 Android applications. The results of the study indicate that, while obfuscations can have a statistically significant impact on energy usage and are significantly more likely to increase energy usage than to decrease energy usage, the magnitudes of such impacts are unlikely to impact mobile application users.",2014,snowballing,Software Engineering,Energy Efficiency; Code Quality; Mobile Applications; Empirical Research; Security,Evaluation Research,The study empirically evaluates the impact of code obfuscation techniques on energy consumption in Android applications.,Empirical evidence,13
How does microservice granularity impact energy consumption and performance? A controlled experiment,10.1109/icsa65012.2025.00018,"Context: Microservice architectures are a widely used software deployment approach, with benefits regarding flexibility and scalability. However, their impact on energy consumption is poorly understood, and often overlooked in favor of performance and other quality attributes (QAs). One understudied concept in this area is microservice granularity, i.e., over how many services the system functionality is distributed.Objective: We therefore aim to analyze the relationship between microservice granularity and two critical QAs in microservice-based systems: energy consumption and performance.Method: We conducted a controlled experiment using two open-source microservice-based systems of different scales: the small Pet Clinic system and the large Train Ticket system. For each system, we created three levels of granularity by merging or splitting services (coarse, medium, and fine) and then exposed them to five levels of request frequency.Results: Our findings revealed that: i) granularity significantly affected both energy consumption and response time, e.g., in the large system, fine granularity consumed on average 461 J more energy (13%) and added 5.2 ms to response time (14%) compared to coarse granularity; ii) higher request loads significantly increased both energy consumption and response times, with moving from 40 to 400 requests / s resulting in 651 J higher energy consumption (23%) and 41.2 ms longer response times (98%); iii) there is a complex relationship between granularity, system scale, energy consumption, and performance that warrants careful consideration in microservice design. We derive generalizable takeaways from our results.Conclusion: Microservices practitioners should take our findings into account when making granularity-related decisions, especially for large-scale systems.",2025,snowballing,Software Architecture,Energy Efficiency; Architecture; Distributed Systems; Performance; Empirical Research,Evaluation Research,The study conducts a controlled experiment to analyze how microservice granularity affects energy consumption and performance in systems of different scales.,Empirical evidence,13.5
Investigating the effect of design patterns on energy consumption,10.1002/smr.1851,"AbstractGang of Four (GoF) patterns are well‚Äêknown best practices for the design of object‚Äêoriented systems. In this paper, we aim at empirically assessing their relationship to energy consumption, ie, a performance indicator that has recently attracted the attention of both researchers and practitioners. To achieve this goal, we investigate pattern‚Äêparticipating methods (ie, those that play a role within the pattern) and compare their energy consumption to the consumption of functionally equivalent alternative (nonpattern) solutions. We obtained the alternative solution by refactoring the pattern instances using well‚Äêknown transformations (eg, replace polymorphism with conditional statements). The comparison is performed on 169 methods of 2 GoF patterns (namely, State/Strategy and Template Method), retrieved from 2 well‚Äêknown open source projects. The results suggest that for the majority of cases the alternative design excels in terms of energy consumption. However, in some cases (eg, when the method is large in size or invokes many methods) the pattern solution presents similar or lower energy consumption. The outcome of our study can be useful to both researchers and practitioners, because we: (1) provide evidence on a possible negative effect of GoF patterns, and (2) can provide guidance on which cases the use of the pattern is not hurting energy consumption.",2017,snowballing,Design Patterns,Energy Efficiency; Design Patterns; Empirical Research; Performance; Refactoring,Evaluation Research,The study empirically compares energy consumption of design pattern implementations against refactored non-pattern alternatives across methods in open-source projects.,Empirical evidence,14
Investigating the energy impact of Android smells,10.1109/saner.2017.7884614,"Android code smells are bad implementation practices within Android applications (or apps) that may lead to poor software quality. These code smells are known to degrade the performance of apps and to have an impact on energy consumption. However, few studies have assessed the positive impact on energy consumption when correcting code smells. In this paper, we therefore propose a tooled and reproducible approach, called HOT-PEPPER, to automatically correct code smells and evaluate their impact on energy consumption. Currently, HOT-PEPPER is able to automatically correct three types of Android-specific code smells: Internal Getter/Setter, Member Ignoring Method, and HashMap Usage. HOT-PEPPER derives four versions of the apps by correcting each detected smell independently, and all of them at once. HOT-PEPPER is able to report on the energy consumption of each app version with a single user scenario test. Our empirical study on five open-source Android apps shows that correcting the three aforementioned Android code smells effectively and significantly reduces the energy consumption of apps. In particular, we observed a global reduction in energy consumption by 4,83% in one app when the three code smells are corrected. We also take advantage of the flexibility of HOT-PEPPER to investigate the impact of three picture smells (bad picture format, compression, and bitmap format) in sample apps. We observed that the usage of optimised JPG pictures with the Android default bitmap format is the most energy efficient combination in Android apps. We believe that developers can benefit from our approach and results to guide their refactoring, and thus improve the energy consumption of their mobile apps.",2017,snowballing,Code Smells,Energy Efficiency; Refactoring; Mobile Applications; Code Quality; Empirical Research,Evaluation Research,The study proposes and evaluates an automated approach (HOT-PEPPER) to detect and correct Android code smells and measure their impact on energy consumption.,Method,13
Investigation for Software Power Consumption of Code Refactoring Techniques,,"Code refactoring technique focuses on enhancing the maintainability of software to extend its lifetime. However, there are other efforts to improve software qualities like performance or reliability as well as maintainability by using code refactoring techniques. Recently, as low-power software has become one of the critical issues in mobile environments, developing energy-efficient software through code refactoring becomes an important one. This paper aims to investigate whether the existing refactoring techniques can support energy-efficient software generation or not. The refactored codes generated by the existing techniques can consume more power than original codes because they did not consider the power consumption in their refactoring processes. This paper analyzes the power consumption to investigate the energy efficiency of M. Fowler’s refactoring techniques. Our analysis result can provide useful information about energy-efficient refactoring techniques to software engineers, and support the development of software that has high maintainability and good energy efficiency",,snowballing,Code Smells,Energy Efficiency; Refactoring; Code Quality; Software Quality; Empirical Research,Evaluation Research,The study analyzes the power consumption of software before and after applying Fowler’s refactoring techniques to assess their impact on energy efficiency.,Empirical evidence,14
On the energy footprint of mobile testing frameworks,10.1109/tse.2019.2946163,"High energy consumption is a challenging issue that an ever increasing number of mobile applications face today. However, energy consumption is being tested in an ad hoc way, despite being an important non-functional requirement of an application. Such limitation becomes particularly disconcerting during software testing: on the one hand, developers do not really know how to measure energy; on the other hand, there is no knowledge as to what is the energy overhead imposed by the testing framework. In this paper, as we evaluate eight popular mobile UI automation frameworks, we have discovered that there are automation frameworks that increase energy consumption up to roughly 2200 percent. While limited in the interactions one can do, Espresso is the most energy efficient framework. However, depending on the needs of the tester, Appium, Monkeyrunner, or UIAutomator are good alternatives. In practice, results show that deciding which is the most suitable framework is vital. We provide a decision tree to help developers make an educated decision on which framework suits best their testing needs.",2021,snowballing,Mobile Software Engineering,Energy Efficiency; Mobile Applications; Frameworks and Tools; Software Quality; Empirical Research,Evaluation Research,The study empirically evaluates the energy consumption overhead of different mobile testing frameworks and provides guidance for selecting suitable ones.,Empirical evidence,13.5
"Program energy efficiency: The impact of language, compiler and implementation choices",10.1109/igcc.2014.7039169,"Today reducing the energy usage of computing systems becomes a paramount task, no matter they are lightweight mobile devices, complex cloud computing platforms or large-scale supercomputers. Many existing studies in green computing focus on making the hardware more energy efficient. This is understandable because software running on low-power hardware will automatically consume less energy. Little work has been done to explore how software developers can play a more proactive role in saving energy by writing greener code. In fact, very few programmers consider energy-efficiency when writing code and even fewer know how to evaluate and improve the energy-efficiency of their code. In this paper, we quantitatively study the impact of languages (C/C++/Java/Python), compiler optimization (GNU C/C++ compiler with O1, O2, and O3 flags) and implementation choices (e.g. using malloc instead of new to create dynamic arrays and using vector vs. array for Quicksort) on the energy-efficiency of three well-known programs: Fast Fourier Transform, Linked List Insertion/Deletion and Quicksort. Our experiments show that by carefully selecting an appropriate language, optimization flag and data structure, significant energy can be conserved for solving the same problem with identical input size.",2014,snowballing,Software Engineering,Energy Efficiency; Programming Languages; Compilers; Data Structures; Performance; Empirical Research,Evaluation Research,"The study empirically evaluates how programming language, compiler optimizations, and implementation choices influence energy consumption of common algorithms.",Empirical evidence,14
Ranking programming languages by energy efficiency,10.1016/j.scico.2021.102609,"This paper compares a large set of programming languages regarding their efficiency, including from an energetic point-of-view. Indeed, we seek to establish and analyze different rankings for programming languages based on their energy efficiency. The goal of being able to rank programming languages based on their energy efficiency is both recent, and certainly deserves further studies.
We have taken rigorous and strict solutions to 10 well defined programming problems, expressed in (up to) 27 programming languages, from the well known Computer Language Benchmark Game repository. This repository aims to compare programming languages based on a strict set of implementation rules and configurations for each benchmarking problem. We have also built a framework to automatically, and systematically, run, measure and compare the energy, time, and memory efficiency of such solutions. Ultimately, it is based on such comparisons that we propose a series of efficiency rankings, based on single and multiple criteria.
Our results show interesting findings, such as how slower/faster languages can consume less/more energy, and how memory usage influences energy consumption. We also present a simple way to use our results to provide software engineers and practitioners support in deciding which language to use when energy efficiency is a concern.
In addition, we further validate our results and rankings against implementations from a chrestomathy program repository, Rosetta Code., by reproducing our methodology and benchmarking system. This allows us to understand how the results and conclusions from our rigorously and well defined benchmarked programs compare to those based on more representative and real-world implementations. Indeed our results show that the rankings do not change apart from one programming language.",2021,snowballing,Software Engineering,Energy Efficiency; Programming Languages; Performance; Empirical Research; Metrics and Measurement; Frameworks and Tools,Evaluation Research,"The study empirically benchmarks and ranks multiple programming languages based on their energy consumption, execution time, and memory usage across standardized problems.",Empirical evidence,14
Tales from the code #1: The effective impact of code refactorings on software energy consumption,10.5220/0010517900002992,,2021,snowballing,Software Maintenance,Energy Efficiency; Refactoring; Software Evolution; Software Quality; Empirical Research,Evaluation Research,The study empirically analyzes the long-term impact of code refactorings on energy consumption across multiple evolving open-source software systems.,Empirical evidence,14
The influence of the Java collection framework on overall energy consumption,10.1145/2896967.2896968,"This paper presents a detailed study of the energy consumption of the different Java Collection Framework (JFC) implementations. For each method of an implementation in this framework, we present its energy consumption when handling different amounts of data. Knowing the greenest methods for each implementation, we present an energy optimization approach for Java programs: based on calls to JFC methods in the source code of a program, we select the greenest implementation. Finally, we present preliminary results of optimizing a set of Java programs where we obtained 6.2% energy savings.",2016,snowballing,Software Engineering,Energy Efficiency; Data Structures; Programming; Performance; Empirical Research,Evaluation Research,The study empirically analyzes the energy consumption of Java Collection Framework implementations and proposes an approach to select energy-efficient alternatives.,Method,13.5
Using bad smell-driven code refactorings in mobile applications to reduce battery usage,,"Mobile devices are the most popular kind of computational device in the world. These devices have more limited resources than personal computers, and more importantly, battery consumption is always an issue since mobile devices rely on their battery as energy supply. On the other hand, to date, many applications are developed using the object-oriented (OO) paradigm, which has some inherent features, such as object creation, that inherently consume energy in the context of mobile development. These features at the same time enable for maintainability, flexibility, among other software quality-related advantages. Moreover, known code refactorings driven by bad smells can be applied to mobile applications to produce good OO designs, at the expense of potentially consuming more energy. Then, this paper presents an analysis to evaluate the preliminary trade-off between OO design purity and battery consumption.",2015,snowballing,Code Smells,Energy Efficiency; Refactoring; Mobile Applications; Code Quality; Software Quality; Empirical Research,Validation Research,The study analyzes the trade-off between applying smell-driven refactorings for object-oriented design quality and their impact on energy consumption in mobile applications.,Empirical evidence,13